{
  "urls": ["sounds.webm"],
  "sprite": {
    "source": [0, 109714.28571428571],
    "target": [111000, 63529.43310657596],
    "targetTwo": [176000, 54857.14285714286]
  }
}
