{
  "urls": ["sounds.webm", "sounds.mp3"],
  "sprite": {
    "clap": [0, 63529.43310657596],
    "club-beat": [65000, 109714.28571428572],
    "fast-hats": [176000, 53333.33333333334]
  }
}
