{
  "urls": ["sounds.webm", "sounds.mp3"],
  "sprite": {
    "eager-pads": [0, 41142.857142857145],
    "frantic-hat": [43000, 1776.3265306122448],
    "bmore-club": [46000, 1818.1859410430832],
    "clap": [49000, 63529.43310657596],
    "club-beat": [114000, 109714.28571428572],
    "fast-hats": [225000, 53333.333333333314],
    "nice-pads": [280000, 27428.571428571446]
  }
}
