{
  "urls": ["sounds.webm", "sounds.mp3"],
  "sprite": {
    "source": [0, 109714.28571428571],
    "target": [111000, 63529.43310657596]
  }
}
